Code,JobNameFa,ISCO08_4,TypeX,ISCO88_3
0111,نيروهاي مسلح (پرسنل کادر),0410,RC,011
0112,"سربازان , درجه داران و افسران وظيفه نيروهاي نظامي و انتظامي",0510,RC,011
111,نيروهاي مسلح (پرسنل کادر),0410,RC,011
112,"سربازان , درجه داران و افسران وظيفه نيروهاي نظامي و انتظامي",0510,RC,011
1100,قانون‌گزاران و مقامات عالي‌رتبه دولت,1115,NRI,110
1110,قانون‌گزاران,1115,NRI,110
1120,مقامات عالي‌رتبه دولت,1115,NRI,110
1130,کدخدايان و روساي سنتي روستاها,1113,NRI,113
1141,مقامات عالي‌رتبه تشکل‌ها و احزاب سياسي,1114,NRI,114
1142,مقامات عالي‌رتبه تشکل‌هاي کارفرمايي، کارگري و ديگر تشکل‌هاي داراي منافع اقتصادي,1114,NRI,114
1143,مقامات عالي‌رتبه تشکل‌هاي انسان دوستانه و ديگر سازمان‌هاي داراي منافع خاص,1114,NRI,114
1210,روساي اداره و مديران عامل موسسات,1120,NRA,121
1221,مديران در فعاليت‌هاي کشاورزي، شکار، جنگلداري و ماهيگيري,1311,NRA,122
1222,مديران در فعاليت‌هاي صنعتي,1321,NRA,122
1223,مديران در فعاليت‌هاي ساختماني,1323,NRA,122
1224,مديران در فعاليت‌هاي عمده‌فروشي و خرده‌فروشي,1420,NRA,122
1225,مديران در فعاليت‌هاي هتل‌داري و رستوران,1411,NRA,122
1226,مديران در فعاليت‌هاي حمل و نقل، انبارداري و ارتباطات,1324,NRA,122
1227,مديران در فعاليت‌هاي خدمات کار و کسب,1349,NRA,122
1228,مديران در فعاليت‌هاي خدمات شخصي، پاکيزه سازي و خدمات مربوط,1439,NRA,122
1229,مدیران در فعالیت‌های خدمات آموزشی و فرهنگی,1431,NRA,122
1231,مديران در فعاليت‌هاي خدمات کار و کسب,1349,NRA,123
1232,مديران در فعاليت‌هاي خدمات کار و کسب,1349,NRA,123
1233,مديران در فعاليت‌هاي خدمات کار و کسب,1349,NRA,123
1234,مديران در فعاليت‌هاي خدمات کار و کسب,1349,NRA,123
1235,مديران در فعاليت‌هاي خدمات کار و کسب,1349,NRA,123
1236,مديران در فعاليت‌هاي خدمات کار و کسب,1349,NRA,123
1237,مديران در فعاليت‌هاي خدمات کار و کسب,1349,NRA,123
1238,مديران در فعاليت‌هاي خدمات کار و کسب,1349,NRA,123
1239,مديران در فعاليت‌هاي خدمات کار و کسب,1349,NRA,123
1311,مديران در فعاليت‌هاي کشاورزي، شکار، جنگلداري و ماهيگيري,1311,NRA,131
1312,مديران در فعاليت‌هاي صنعتي,1321,NRA,131
1313,مديران در فعاليت‌هاي ساختماني,1323,NRA,131
1314,مديران در فعاليت‌هاي عمده‌فروشي و خرده‌فروشي,1420,NRA,131
1315,مديران در فعاليت‌هاي هتل‌داري و رستوران,1411,NRA,131
1316,مديران در فعاليت‌هاي حمل و نقل، انبارداري و ارتباطات,1324,NRA,131
1317,مديران در فعاليت‌هاي خدمات کار و کسب,1349,NRA,131
1318,مديران در فعاليت‌هاي خدمات شخصي، پاکيزه سازي و خدمات مربوط,1439,NRA,131
1319,مدیران در فعالیت‌های خدمات آموزشی و فرهنگی,1431,NRA,131
1410,روساي اداره و مديران عامل موسسات,1120,NRA,141
1421,مديران در فعاليت‌هاي کشاورزي، شکار، جنگلداري و ماهيگيري,1311,NRA,142
1422,مديران در فعاليت‌هاي صنعتي,1321,NRA,142
1423,مديران در فعاليت‌هاي ساختماني,1323,NRA,142
1424,مديران در فعاليت‌هاي عمده‌فروشي و خرده‌فروشي,1420,NRA,142
1425,مديران در فعاليت‌هاي هتل‌داري و رستوران,1411,NRA,142
1426,مديران در فعاليت‌هاي حمل و نقل، انبارداري و ارتباطات,1324,NRA,142
1427,مديران در فعاليت‌هاي خدمات کار و کسب,1349,NRA,142
1428,مديران در فعاليت‌هاي خدمات شخصي، پاکيزه سازي و خدمات مربوط,1439,NRA,142
1429,مدیران در فعالیت‌های خدمات آموزشی و فرهنگی,1431,NRA,142
2111,فيزيکدان,2111,NRA,211
2112,متخصص هواشناسي,2112,NRA,211
2113,شيميدان,2113,NRA,211
2114,زمين شناس,2114,NRA,211
2121,رياضي‌دانان و بيمه‌شناسان,2120,NRA,212
2122,کارشناس آمار,2120,NRA,212
2131,کارشناس کامپيوتر ـ نرم‌افزار,2511,NRA,213
2132,برنامه نويس کامپيوتر,2514,NRA,213
2139,متخصصان مشاغل کامپيوتري طبقه‌بندي نشده در جاي ديگر,2519,NRA,213
2141,آرشيتکت,2161,NRA,214
2142,مهندس ساختمان,2142,NRA,214
2143,مهندس برق,2151,NRA,214
2144,مهندس الکترونيک,2152,NRA,214
2145,مهندس مکانيک,2144,NRA,214
2146,مهندس شيمي,2145,NRA,214
2147,مهندس معدن,2146,NRA,214
2148,مهندس نقشه‌بردار,2165,NRA,214
2149,مهندس صنايع,2149,NRA,214
2211,زيست شناس,2131,NRA,221
2212,متخصص علوم آزمايشگاهي,2131,NRA,221
2213,مهندس کشاورزي,2132,NRA,221
2221,پزشکان,2211,NRA,222
2222,دندانپزشک,2261,NRA,222
2223,دامپزشک,2250,NRA,222
2224,داروساز ـ دکتر,2262,NRI,222
2229,ساير متخصصان علوم پزشکي ( به جز پرستاري ) طبقه‌بندي نشده در جاي ديگر,2269,NRA,222
2230,پرستاران و ماماهاي متخصص,2221,NRA,223
2310,متخصصان آموزش در دانشگاه‌ها و ساير موسسات آموزش عالي,2310,NRA,231
2320,متخصصان آموزش دوره راهنمايي و متوسطه,2330,NRA,232
2331,متخصصان آموزش دوره ابتدايي,2341,NRI,233
2332,متخصصان آموزش دوره پيش‌ دبستاني,2342,NRI,233
2332,معلم کودکستان,2342,NRI,233
2340,متخصصان آموزش در مدارس استثنايي,2352,NRI,234
2351,مشاور آموزشي,2351,NRI,235
2352,بازرس مدرسه,2351,NRI,235
2359,ساير متخصصان آموزش طبقه‌بندي نشده در جاي ديگر,2359,NRI,235
2411,حسابداران,2411,NRA,241
2412,کارشناس امور اداري,2423,NRA,241
2421,وکلاي دادگستري,2611,NRI,242
2422,قضات,2612,NRA,242
2429,ساير متخصصان امور حقوقي طبقه‌بندي نشده در جاي ديگر,2619,NRA,242
2431,موزه‌دار,2621,NRA,243
2432,کتابدار,2622,NRA,243
2441,اقتصاددان,2631,NRA,244
2442,جامعه‌شناسان، انسان‌شناسان و متخصصان مربوط,2632,NRA,244
2443,فيلسوفان، مورخان و متخصصان علوم سياسي,2633,NRA,244
2444,زبان‌شناسان، مترجمان و مفسران,2643,NRA,244
2445,روان‌شناسان,2634,NRA,244
2451,مولفان، روزنامه‌نگاران و ساير نويسندگان,2641,NRA,245
2452,مجسمه‌سازان، نقاشان و ساير هنرمندان مربوط,2651,NRA,245
2452,نقاش ـ تصويرگر,2651,NRA,245
2453,آهنگ‌سازان، موسيقي‌دانان و خوانندگان,2652,NRA,245
2454,طراحان رقص و رقاصان,2653,NRI,245
2455,کارگردانان و هنرپيشگان سينما، تئاتر و ساير هنرمندان مربوط,2655,NRI,245
2461,متخصصان امور مذهبي اسلام,2637,NRI,246
2462,متخصصان امور مذهبي ساير اديان,2638,NRI,246
2490,ساير متخصصان و کارشناسان طبقه‌بندي نشده در جاي ديگر,2639,NRI,249
3111,تکنسين‌هاي علوم فيزيک و شيمي,3111,RC,311
3112,تکنسين‌هاي مهندسي عمران,3112,NRA,311
3113,تکنسين‌هاي مهندسي برق,3113,NRA,311
3114,تکنسين مخابرات,3114,NRA,311
3115,تکنسين‌هاي مهندسي مکانيک,3115,NRA,311
3116,تکنسين‌هاي مهندسي شيمي,3116,NRA,311
3117,تکنسين‌هاي معدن و متالورژي,3117,NRA,311
3118,نقشه‌کش‌ها,3118,NRA,311
3119,تکنسين‌هاي علوم فيزيک و مهندسي طبقه‌بندي نشده در جاي ديگر,3119,NRA,311
3121,تکنسين‌ها و دستياران امور کامپيوتري,3512,RC,312
3122,اپراتورهاي تجهيزات کامپيوتري,3511,RC,312
3123,کنترل کنندگان روبوت‌هاي صنعتي,3139,RC,312
3134,اپراتورهاي تجهيزات ضبط تصوير و عکاسان,3431,RC,313
3135,اپراتورهاي تجهيزات ضبط و پخش برنامه راديويي و تلويزيوني و مخابرات,3521,RC,313
3136,مکانيسين‌هاي تجهيزات پزشکي,3211,NRM,313
3137,اپراتورهاي تجهيزات اپتيکي و الکترونيکي طبقه‌بندي نشده در جاي ديگر,3119,NRA,313
3141,مهندسان کشتي,3151,NRA,314
3142,افسران عرشه و سکان‌داران کشتي,3152,RC,314
3143,خلبانان هواپيما و تکنسين‌هاي مربوط,3153,RC,314
3144,کنترل‌کنندگان ترافيک هوايي,3154,NRI,314
3145,تکنسين‌هاي ايمني ترافيک هوايي,3155,NRA,314
3151,بازرسان ساختمان و بازرسان آتش‌نشاني,3112,NRA,315
3152,بازرسان ايمني، بهداشت و کيفيت,2263,NRA,315
3211,تکنسين‌هاي علوم زيستي,3141,NRA,321
3212,تکنسين‌هاي کشاورزي و جنگلباني,3142,NRA,321
3213,مشاوران کشاورزي و جنگلباني,2132,NRA,321
3221,پرستار ـ فوق ديپلم,3256,RC,322
3222,کارشناس امور بهداشتي,2263,NRA,322
3223,کارشناسان رژيم غذايي و تغذيه,2265,NRA,322
3224,سازندگان و فروشندگان عينک و دوربين,2267,NRA,322
3225,کمک دندانپزشکان,3251,NRA,322
3226,فيزيوتراپيست‌ها و تکنسين‌هاي مربوط,2264,NRA,322
3227,کمک دامپزشکان,3240,NRM,322
3228,تکنسين داروسازي,3213,RC,322
3229,ساير تکنسين‌هاي امور بهداشتي ( به جز پرستاري ) طبقه‌بندي نشده در جاي ديگر,3259,NRI,322
3231,بهيار,3221,NRM,323
3232,ماماي روستايي,3222,NRA,323
3240,پزشکان سنتي و دعانويسان,2230,NRA,324
3310,کمک مربيان آموزش ابتدايي,2341,NRI,331
3320,کمک مربي کودک,2342,NRI,332
3330,کمک مربی کودکستان,2342,NRI,333
3340,ساير کمک کارشناسان آموزشي,2359,NRI,334
3411,دلالان و واسطه گران امور مالي و اوراق بهادار,3311,NRI,341
3412,کارگزار بيمه,3321,NRI,341
3413,دلالان معاملات ملکي,3334,NRI,341
3414,مشاوران و گردانندگان آژانس‌هاي مسافرتي,4221,RC,341
3415,نماينده فروش,2433,NRI,341
3415,کمک کارشناس برنامه‌ريزي فروش,2433,NRI,341
3416,مامور خريد,3323,NRI,341
3417,ارزياب‌ها، قيمت‌گذاران و حراج‌کنندگان,3315,NRA,341
3419,ساير کمک کارشناسان امور مالي و فروش طبقه‌بندي نشده در جاي ديگر,3312,RC,341
3421,واسطه معاملات کالا,3324,NRI,342
3422,نمايندگان ترخيص و خدمات حمل و نقل کالا,3331,RC,342
3423,نمايندگان استخدامي و انعقاد قراردادهاي کاري,3333,NRI,342
3429,ساير نمايندگان خدمات کار و کسب و دلالان کالاي تجاري طبقه‌بندي نشده در جاي ديگر,3339,NRI,342
3431,کمک کارشناسان امور اداري,3343,RC,343
3432,کمک کارشناسان امور حقوقي,3411,RC,343
3434,تکنسين‌ها و کمک کارشناسان آمار و رياضي,3314,NRA,343
3435,کمک کارشناس امور بانکي,4211,RC,343
3439,ساير کمک کارشناسان امور اداري طبقه‌بندي نشده در جاي ديگر,3343,RC,343
3441,بازرسان گمرک و مرز,3351,RC,344
3442,کمک کارشناسان امور مالياتي,3352,RC,344
3443,کمک کارشناسان عوايد اجتماعي,3353,RC,344
3444,کمک کارشناسان صدور مجوز,3354,RC,344
3449,ساير کمک کارشناسان امور گمرکي، مالياتي، پستي و صدور مجوز طبقه‌بندي نشده در جاي ديگر,3359,NRA,344
3450,کارآگاهان خصوصي,3355,NRI,345
3460,ساير کمک کارشناسان و تکنسين‌هاي امور اجتماعي و فرهنگي,3412,NRI,346
3471,طراح توليدات تجاري,2163,NRA,347
3472,گويندگان راديو و تلويزيون,2656,NRI,347
3473,نوازندگان، خوانندگان و رقصندگان خياباني و کلوپ‌هاي شبانه,2652,NRA,347
3474,دلقک‌ها، شعبده‌بازها، آکروبات‌بازها,2659,NRM,347
3475,ورزشکاران و متخصصان مربوط,3421,NRM,347
3480,کمک متخصصان امور مذهبي و خيريه,3413,NRI,348
4111,تايپيست,4131,RC,411
4112,متصديان تلکس، فاکس و کارکنان مربوط,4131,RC,411
4113,اپراتور کامپيوتر,4132,RC,411
4115,منشي‌ها,4120,RC,411
4121,دفترنويسان و دفترداران امور حسابداري,4311,RC,412
4122,مميزان و کمک مميزان مالياتي,4312,RC,412
4133,کارکنان امور حمل و نقل,4323,RC,413
4134,کارکنان امور انبارداري,4324,RC,413
4141,کارکنان کتابخانه و بايگاني,4411,RC,414
4142,کارکنان تفکيک و توزيع نامه‌ها و بسته‌هاي پستي,4412,RM,414
4143,کارکنان کدگذاري,4413,RC,414
4144,عريضه نويس,4414,NRI,414
4190,ساير کارمندان امور دفتري,4110,RC,419
4211,صندوق‌داران و متصديان باجه‌هاي فروش بليط,5230,RC,421
4212,تحويل‌داران و ساير کارکنان باجه‌ها,4211,RC,421
4213,متصدي شرط بندي در ميدان اسب دواني,4212,RC,421
4214,کارکنان بنگاه‌هاي معاملات و صرافان,4213,RC,421
4215,وصول‌کنندگان مطالبات و کارکنان مربوط,4214,NRI,421
4221,کارکنان آژانس‌هاي مسافرتي و کارکنان مربوط,4221,RC,422
4222,کارکنان پذيرش و اطلاعات,4226,RC,422
4223,متصدي مخابرات,4223,RC,422
5111,مهمان‌داران و کارکنان امور مسافرتي,5111,NRM,511
5112,متصديان امور حمل و نقل,5112,NRM,511
5113,راهنمايان امور مسافرتي,5113,NRM,511
5121,خدمتکاران خانگي و کارکنان مربوط,5151,NRM,512
5122,آشپزها,5120,NRM,512
5123,پيشخدمت‌ها,5131,NRM,512
5130,کارکنان مراقبت‌هاي شخصي در بيمارستان‌ها و منازل,5322,NRM,513
5141,آرايشگران، پيرايشگران و کارکنان سالن‌هاي زيبايي,5141,NRM,514
5142,مصاحب‌ها و ملازم‌ها,5162,NRI,514
5143,ماموران کفن و دفن,5163,NRM,514
5149,ساير کارکنان خدمات شخصي طبقه‌بندي نشده در جاي ديگر,5169,NRM,514
5150,طالع‌بين‌ها، پيشگويان، فالگيرها و کارکنان مربوط,5161,NRI,515
5161,آتش‌نشان‌ها,5411,NRM,516
5162,پليس,5412,NRM,516
5163,زندانبان,5413,NRM,516
5169,ساير کارکنان خدمات حفاظتي طبقه‌بندي نشده در جاي ديگر,5419,NRM,516
5210,مدل‌هاي تبليغاتي ( مانکن ),5241,NRM,521
5220,فروشندگان فروشگاه‌ها و معرفي‌کنندگان کالا,5223,NRI,522
5230,فروشندگان در دکه‌هاي فروش,5211,NRM,523
6111,زراعتکاران و سبزيکاران,6111,NRM,611
6112,باغداران و موکاران,6112,NRM,611
6113,باغبان ـ پرورش دهنده گل و نهال,6113,NRM,611
6114,توليدکننده محصولات مختلف کشاورزي,6114,NRM,611
6121,دامداران,6121,NRM,612
6122,مرغدار,6122,NRM,612
6123,پرورش دهندگان زنبور عسل و کرم ابريشم,6123,NRI,612
6124,پرورش دهنده انواع حيوانات اهلي,6121,NRM,612
6129,پرورش دهندگان ساير حيوانات طبقه‌بندي نشده در جاي ديگر,6129,NRM,612
6130,کشاورزان توليد کننده محصولات کشاورزي و دامي,6130,NRM,613
6141,کارکنان جنگلداري و قطع اشجار,6210,NRM,614
6142,توليد کنندگان ذغال و تقطيرکنندگان چوب در جنگل,6210,NRM,614
6154,تله‌گذاران و شکارچيان حيوانات آبزي,6224,NRM,615
6155,ماهيگيران و پرورش دهندگان حيوانات آبزي,6225,NRM,615
6210,کارکنان کشاورزي و ماهيگيري خودمعاش,6310,NRM,621
7111,معدن چي,8111,RM,711
7112,کارگران انفجار معادن,7542,RC,711
7113,سنگ بران و سنگ‌ تراش‌ها,7113,NRM,711
7121,کارکنان ساختماني با استفاده از مصالح سنتي,7111,NRM,712
7122,بنايان آجر کار و سنگ کار,7112,NRM,712
7123,بتون کاران و سيمان‌کاران,7114,NRM,712
7124,نجاران ساختماني و در و پنجره سازان چوبي,7115,NRM,712
7125,کارکنان خطوط راه آهن,8312,NRM,712
7126,ساير کارکنان ساختماني ( به جز کارگران ساده ),7119,NRM,712
7129,ساير کارکنان ساختماني ( به جز کارگران ساده ),7119,NRM,712
7131,سقف کار ساختمان,7121,NRM,713
7132,بناي کاشي کار,7122,NRM,713
7133,گچ کاران,7123,NRM,713
7134,عايق کاران,7124,NRM,713
7135,شيشه بران,7125,NRM,713
7136,لوله کش‌ها,7126,NRM,713
7137,برق‌کاران ساختمان,7411,NRM,713
7141,نقاشان و تزيين کاران ساختمان,7131,NRM,714
7142,جلاکاران و نقاشان محصولات فلزي و چوبي,7132,NRM,714
7143,تميزکنندگان نماي ساختمان,7133,NRM,714
7211,قالب گيران و ريخته‌گران,7211,RM,721
7212,جوشکاران و برش کاران,7212,RM,721
7213,سازندگان و نصب کنندگان اسکلت‌هاي فلزي,7213,NRM,721
7214,ورق کاران,7214,RM,721
7215,کابل کش‌ها و کابل باف‌ها,7215,NRM,721
7216,غواصان و کارگراني که زير آب کار مي‌کنند,7541,NRM,721
7217,سازندگان ظروف فلزي آشپزخانه,7213,RM,721
7218,ورق کاران ( به جز ظروف فلزي آشپزخانه ),7213,RM,721
7221,آهنگران، در و پنجره سازان فلزي و کارکنان مشاغل مربوط,7221,RM,722
7222,ابزار سازان و کارکنان مشاغل مربوط,7222,RM,722
7223,تنظيم کنندگان ماشين‌آلات فلزکاري,7223,RM,722
7224,تراشکاران ـ صيقل کاران و تيزکنندگان ابزار,7224,RM,722
7231,مکانيسين‌ها و تعميرکاران وسايل نقليه موتوري,7231,NRM,723
7232,مکانيسين‌ها و تعميرکاران موتور هواپيما,7232,NRM,723
7233,نصابان، مکانيسين‌ها و مکانيک‌هاي ماشين‌آلات صنعتي و کشاورزي,7233,NRM,723
7241,تعميرکار لوازم برقي خانگي و شخصي,7412,NRM,724
7242,تنظيم کاران لوازم الکترونيکي,7421,NRM,724
7243,تعميرکاران و سرويس کاران لوازم الکترونيکي,7421,NRM,724
7244,نصب کنندگان و سرويس دهندگان تلگراف و تلفن,7422,NRM,724
7245,نصب کنندگان و تعميرکنندگان خطوط برق,7413,NRM,724
7311,سازندگان و تعميرکاران ابزار دقيق,7311,NRM,731
7312,سازندگان و تنظيم کنندگان آلات موسيقي,7312,NRM,731
7313,جواهرسازان و سازندگان فلزات گران قيمت,7313,NRM,731
7321,کوزه‌گران، چيني سازان و سفال‌گران ـ دستي,7314,NRM,732
7324,نقاشان سراميک، شيشه و ديگر نقاشان هنرهاي تزييني,7316,NRM,732
7325,کارکنان کوره‌هاي آجرپزي ـ دستي,7314,NRM,732
7326,کوزه‌گران، چيني سازان و سفال‌گران ـ دستي,7314,NRM,732
7327,شيشه‌گران ـ دستي,7315,RM,732
7331,تزيين  کاران روي چوب,7317,NRM,733
7333,تزيين کاران روي پارچه و چرم,7318,RM,733
7341,کارگر چاپ ـ چاپخانه,7321,RC,734
7342,کليشه‌سازان و گراورسازان با وسايل برقي,7321,RC,734
7343,حکاکان و سياه قلم کاران چاپ,7321,RC,734
7344,کارکنان عکاسي و کارکنان مربوط,8132,RM,734
7345,کارکنان صحافي و امور مربوط,7323,RM,734
7346,چاپ‌گران سيلک اسکرين ( چاپ روي پارچه ) و نقوش برجسته,7322,RM,734
7411,سلاخ‌ها و عمل آورندگان گوشت و ماهي,7511,RM,741
7412,نانوايان,7517,RM,741
7413,تهيه‌کنندگان مواد لبني,7513,RM,741
7414,توليدکنندگان کنسرو سبزيجات و ميوه جات,7514,RM,741
7415,چشنده‌گان مواد غذايي,7515,RC,741
7416,تهيه کنندگان دخانيات,7516,RM,741
7417,نانوايان,7517,RM,741
7418,کلوچه پزان و شيريني پزان,7518,RM,741
7421,عمل آورندگان چوب ( به جز در و پنجره ),7521,RM,742
7422,توليد کنندگان محصولات چوبي,7522,RM,742
7423,تنظيم کنندگان و نصب کنندگان ماشين‌هاي توليد چوب,7523,RM,742
7424,سبدبافان، برس سازان و کارکنان مربوط,7317,NRM,742
7431,آماده کننده الياف,7318,RM,743
7432,بافندگان پارچه، پتو و تريکو,7533,NRM,743
7433,دوزندگان پوشاک,7531,NRM,743
7434,پوست دوزان و کارکنان مربوط,7531,NRM,743
7435,برش‌کاران و الگوسازان پارچه و چرم,7532,RM,743
7436,گل‌دوزان، برودري دوزان و کارکنان مربوط,7533,NRM,743
7437,دوزندگان پرده و مبلمان منزل,7534,NRM,743
7438,بافندگان پارچه، پتو و تريکو,7533,NRM,743
7441,چرم ساز,7535,RM,744
7442,دوزندگان کفش و محصولات چرمي ( به جز لباس ),7536,NRM,744
7450,توليدکنندگان ساير صنايع,7533,NRM,745
7500,قالي بافان ـ دستي,7533,NRM,750
7501,قالي بافان ـ دستي,7533,NRM,750
7502,گليم بافان و زيلوبافان ـ دستي,7533,NRM,750
8111,متصديان ماشين‌آلات معدن,8111,RM,811
8112,متصديان دستگاه‌هاي عمل آوري سنگ و مواد معدني,8112,RM,811
8113,چاه کنان ( حفاران ) و کارکنان مربوط,8113,NRM,811
8123,متصديان تاسيسات حرارتي و عمل آوري فلزات,8121,RM,812
8124,اپراتور ماشين مفتول سازي,8121,RM,812
8124,قالب کش‌ها و اکسترود کنندگان,8121,RM,812
8125,متصديان کوره‌هاي ذوب فلز، نورد و قالب ريزي,7211,RM,812
8131,متصديان ماشين‌آلات و تاسيسات آجرپزي,8184,RM,813
8132,متصديان ماشين‌آلات و تاسيسات آجرپزي,8184,RM,813
8133,متصديان ماشين‌آلات و تاسيسات شيشه گري,8185,RM,813
8134,متصديان ماشين‌آلات و تاسيسات سفال‌گري و سراميک سازي,8184,RM,813
8139,متصديان ماشين‌آلات و تاسيسات توليد ساير محصولات شيشه‌اي، سراميک، چيني و سفالي,8181,RM,813
8141,متصديان تاسيسات عمل آوري چوب,8172,RM,814
8142,متصديان تاسيسات توليد خمير کاغذ,8171,RM,814
8143,متصديان ماشين‌آلات و تجهيزات توليد کاغذ,8171,RM,814
8151,متصديان دستگاه‌هاي خرد کردن و مخلوط کردن مواد شيميايي,8131,RM,815
8152,متصديان دستگاه‌هاي حرارت دادن مواد شيميايي,8131,RM,815
8153,متصديان دستگاه‌هاي جداسازي مواد شيميايي,8131,RM,815
8154,متصديان دستگاه‌هاي تقطير مواد شيميايي ( به جز نفت و گاز ),8131,RM,815
8155,متصديان دستگاه‌هاي تصفيه نفت و گاز طبيعي,8131,RM,815
8159,متصديان دستگاه‌هاي توليد مواد شيميايي طبقه‌بندي نشده در جاي ديگر,8131,RM,815
8161,متصديان تاسيسات توليد نيروي برق,3131,RC,816
8162,متصديان موتور و ديگ بخار,8182,RM,816
8163,متصديان تاسيسات آب و کوره‌هاي زباله سوز و تاسيسات مشابه,3132,RC,816
8171,متصديان خط مونتاژ خودکار,3122,NRI,817
8172,متصديان روبوت‌هاي صنعتي,3122,NRI,817
8211,متصديان ماشين‌هاي ابزار,7223,RM,821
8212,متصديان ماشين‌‌آلات توليد سيمان و ساير محصولات کاني غيرفلزي,8114,RM,821
8221,متصديان ماشين‌‌آلات توليد مواد دارويي و آرايشي,8131,RM,822
8222,متصديان ماشين‌آلات توليد مواد منفجره و مهمات,8131,RM,822
8223,متصديان ماشين‌آلات پرداخت، آبکاري و اندودکاري فلزات,8122,RM,822
8224,متصديان ماشين‌آلات توليد فيلم و مواد مورد استفاده در عکاسي,8132,RM,822
8229,متصديان ماشين‌آلات توليد مواد شيميايي طبقه‌بندي نشده در جاي ديگر,8131,RM,822
8231,متصديان دستگاه‌هاي توليد محصولات لاستيکي,8141,RM,823
8232,متصديان دستگاههاي توليد محصولات پلاستيکي,8142,RM,823
8240,متصديان ماشين آلات توليد محصولات چوبي,7523,RM,824
8251,متصديان ماشينهاي چاپ,7322,RM,825
8252,متصديان ماشين‌هاي صحافي,7323,RM,825
8253,متصديان ماشين‌هاي توليد محصولات کاغذي,8143,RM,825
8261,"متصديان ماشينهاي ريسندگي,‌بافندگي و تهيه الياف",8151,RM,826
8262,متصديان ماشين‌هاي کشبافي,8152,RM,826
8263,متصديان ماشين‌هاي دوزندگي,8153,RM,826
8264,متصديان ماشين‌هاي خشکشويي و لباسشويي,8159,RM,826
8265,"متصديان ماشين‌هاي آماده ساز پشم, چرم و پوست",8155,RM,826
8266,متصديان ماشين‌هاي توليد کفش و کارکنان مربوط,8156,RM,826
8267,متصديان ماشين‌هاي زنگ زدايي و شستشوي پارچه در کارخانه,8154,RM,826
8268,متصديان ماشين‌هاي خشکشويي و لباسشويي,8159,RM,826
8269,متصديان ماشينهاي الگو سازي و کلاهدوزي,8159,RM,826
8271,متصديان ماشين هاي عمل آور گوشت و ماهي,8160,RM,827
8272,متصديان ماشين‌هاي توليد محصولات لبني,8160,RM,827
8273,"متصديان دستگاههاي آسيا کننده حبوبات, ادويه و غلات",8160,RM,827
8274,متصديان ماشين هيا تهيه مواد غذايي پخته شده از غلات و کاکائو,8160,RM,827
8275,متصديان ماشين‌هاي عمل آوري ميوه و سبزيحات,8160,RM,827
8276,متصديان ماشين‌هاي توليد قند و شکر,8160,RM,827
8277,متصديان ماشين‌هاي عمل آوري ـ چاي ـ قهوه و کاکائو,8160,RM,827
8278,متصديان ماشين‌هاي توليد نوشابه,8160,RM,827
8279,متصديان ماشين‌هاي توليد محصولات دخاني ـ سيگار,8160,RM,827
8281,مونتاژکاران ماشين آلات مکانيکي,8211,RC,828
8282,مونتاژکاران تجهيزات الکتريکي,8212,RC,828
8283,مونتاژکاران تجهيزات الکترونيکي,8212,RC,828
8284,مونتاژ کاران محصولات پلاستيکي و لاستيکي,8219,RC,828
8285,مونتاژکاران محصولات چوبي وکارکنان مربوط,8219,RC,828
8286,"مونتاژکاران محصولات نساجي , مقوايي و کارکنان مربوط",8219,RC,828
8290,ساير مونتاژکاران و متصديان دستگاههاي طبقه بندي نشده در جاي ديگر,8219,RC,829
8311,رانندگان لوکوموتيو,8311,NRM,831
8312,سوزنبانان ـ ديده بانان و متصديان ترمز قطار,8312,NRM,831
8321,رانندگان موتور سيکلت,8321,NRM,832
8322,"رانندگان اتوميبل, تاکسي و وانت",8322,NRM,832
8323,رانندگان اتوبوس و اتوبوس برقي شهري,8331,NRM,832
8324,رانندگان کاميونها و تريلرهاي سنگين,8332,RC,832
8331,متصديان ماشين‌آلات و ادوات موتوري کشاورزي و جنگلداري,8341,NRM,833
8332,متصديان ماشين‌آلات خاکبرداري و کارکنان مربوط,8342,NRM,833
8333,"متصديان جرثقيل, نقاله و ديگر ماشين آلات مربوط",8343,NRM,833
8334,متصديان ليفتراک,8344,NRM,833
8340,کارکنان عرشه کشي و کارکنان مربوط,8350,NRM,834
9111,فروشندگان دوره گرد مواد خوراکي,5212,NRM,911
9112,فروشندگان دوره گرد مواد غيرخوراکي,9520,NRM,911
9113,فروشندگان تلفني,5243,NRI,911
9120,واکسي‌ها و ساير کارگران ساده خدماتي خياباني,9510,NRM,912
9131,کارگران ساده خدمات در منازل,9111,NRM,913
9132,کارگران ساده خدمات در ادارات و موسسات,9112,NRM,913
9133,رختشويان و اطوکشان ‌ـ دستي,9121,NRM,913
9141,سرايدارها,5153,NRM,914
9142,"ماشين شوها, شيشه پاک کن‌ها",9122,NRM,914
9151,پيک‌ها,9621,NRM,915
9152,دربان ها و نگهبان ها و کارکنان مربوط,5414,NRM,915
9153,"جمع آوري کنندگان پول از پارکومترها, صندوقهاي صدقات و دستگاه تلفن همگاني",9623,NRM,915
9160,رفتگران و کارگران جمع‌آوري زباله,9614,NRM,916
9211,کارگران ساده کشاورزي,9211,NRM,921
9212,کارگر ساده جنگلداري,9215,NRM,921
9213,"کارگران ساده ماهيگري , شکار دام و تله گذاري",9216,NRM,921
9311,کارگران ساده معدن و استخراج سنگ,9311,NRM,931
9312,کارگران ساده ساختماني,9314,NRM,931
9314,کارگران ساده ساختماني,9314,NRM,931
9320,کارگران ساده صنعت,9329,RM,932
9331,رانندگان وسايل پدالي يا دستي,9331,NRM,933
9332,کارگران حمل کالا بوسيله حيوانات,9332,NRM,933
9333,باربران,9333,NRM,933
X000,کارکناني که شغل خود را اظهار نکرده و يا ناقص و غير دقيق اظهار کرده‌اند,,,X00
